CropDays,SoilMoisture,Temperature,Humidity,Tempmax,Tempmin,Evapotranspiration,CropFactor,Waterneed,CropType
1,684,24,41,30,19,5.2029,0.4,2.08116,3
1,676,15,30,30,19,5.2029,0.4,2.08116,3
1,582,16,17,30,19,5.2029,0.4,1.770812,3
1,566,24,15,30,19,5.2029,0.4,1.722129,3
1,393,16,44,30,19,5.2029,0.4,1.195754,3
1,455,25,38,30,19,5.2029,0.4,1.384397,3
1,582,28,17,30,19,5.2029,0.4,1.770812,3
1,473,20,42,30,19,5.2029,0.4,1.439165,3
1,277,19,14,30,19,5.2029,0.4,0,3
1,157,23,42,30,19,5.2029,0.4,0,3
2,662,20,29,30.3,19.1,5.22774,0.4,2.091096,3
2,629,22,23,30.3,19.1,5.22774,0.4,2.091096,3
2,590,20,13,30.3,19.1,5.22774,0.4,1.863666,3
2,581,21,14,30.3,19.1,5.22774,0.4,1.835237,3
2,460,15,26,30.3,19.1,5.22774,0.4,1.453027,3
2,416,15,35,30.3,19.1,5.22774,0.4,1.314042,3
2,435,22,42,30.3,19.1,5.22774,0.4,1.374059,3
2,426,17,27,30.3,19.1,5.22774,0.4,1.34563,3
2,144,19,20,30.3,19.1,5.22774,0.4,0,3
2,194,16,21,30.3,19.1,5.22774,0.4,0,3
3,707,16,32,30.5,19.3,5.25258,0.4,2.101032,3
3,608,17,25,30.5,19.3,5.25258,0.4,2.101032,3
3,403,15,31,30.5,19.3,5.25258,0.4,1.197618,3
3,561,22,37,30.5,19.3,5.25258,0.4,1.667156,3
3,574,15,30,30.5,19.3,5.25258,0.4,1.705788,3
3,550,25,44,30.5,19.3,5.25258,0.4,1.634466,3
3,482,19,28,30.5,19.3,5.25258,0.4,1.432387,3
3,500,17,34,30.5,19.3,5.25258,0.4,1.485878,3
3,279,18,40,30.5,19.3,5.25258,0.4,0,3
3,270,16,35,30.5,19.3,5.25258,0.4,0,3
4,707,16,38,29.9,19.2,5.20911,0.4,2.083644,3
4,680,18,27,29.9,19.2,5.20911,0.4,2.083644,3
4,438,15,22,29.9,19.2,5.20911,0.4,1.290857,3
4,592,15,22,29.9,19.2,5.20911,0.4,1.74472,3
4,410,22,28,29.9,19.2,5.20911,0.4,1.208337,3
4,501,24,20,29.9,19.2,5.20911,0.4,1.476528,3
4,456,19,15,29.9,19.2,5.20911,0.4,1.343906,3
4,555,27,38,29.9,19.2,5.20911,0.4,1.635675,3
4,118,15,19,29.9,19.2,5.20911,0.4,0,3
4,348,18,32,29.9,19.2,5.20911,0.4,0,3
5,710,16,30,30.1,19,5.20911,0.4,2.083644,3
5,695,18,19,30.1,19,5.20911,0.4,2.083644,3
5,553,27,24,30.1,19,5.20911,0.4,1.622895,3
5,595,24,23,30.1,19,5.20911,0.4,1.746152,3
5,429,23,42,30.1,19,5.20911,0.4,1.258991,3
5,518,24,38,30.1,19,5.20911,0.4,1.52018,3
5,438,16,27,30.1,19,5.20911,0.4,1.285403,3
5,389,28,33,30.1,19,5.20911,0.4,1.141602,3
5,167,23,15,30.1,19,5.20911,0.4,0,3
5,277,21,37,30.1,19,5.20911,0.4,0,3
6,655,23,31,29.9,19.1,5.2029,0.4,2.08116,3
6,601,27,23,29.9,19.1,5.2029,0.4,2.08116,3
6,410,28,27,29.9,19.1,5.2029,0.4,1.302711,3
6,373,24,20,29.9,19.1,5.2029,0.4,1.185149,3
6,477,28,15,29.9,19.1,5.2029,0.4,1.515593,3
6,543,21,28,29.9,19.1,5.2029,0.4,1.725298,3
6,598,19,15,29.9,19.1,5.2029,0.4,1.900051,3
6,519,17,16,29.9,19.1,5.2029,0.4,1.649041,3
6,288,25,14,29.9,19.1,5.2029,0.4,0,3
6,345,18,39,29.9,19.1,5.2029,0.4,0,3
7,713,22,12,29.8,18.9,5.18427,0.4,2.073708,3
7,689,17,20,29.8,18.9,5.18427,0.4,2.073708,3
7,529,16,20,29.8,18.9,5.18427,0.4,1.538558,3
7,450,25,12,29.8,18.9,5.18427,0.4,1.308792,3
7,428,19,16,29.8,18.9,5.18427,0.4,1.244806,3
7,454,19,43,29.8,18.9,5.18427,0.4,1.320426,3
7,515,26,44,29.8,18.9,5.18427,0.4,1.49784,3
7,388,20,25,29.8,18.9,5.18427,0.4,1.128469,3
7,339,26,17,29.8,18.9,5.18427,0.4,0,3
7,227,27,32,29.8,18.9,5.18427,0.4,0,3
8,703,26,19,29.4,18.8,5.15322,0.4,2.061288,3
8,662,25,38,29.4,18.8,5.15322,0.4,2.061288,3
8,460,25,32,29.4,18.8,5.15322,0.4,1.34878,3
8,533,16,27,29.4,18.8,5.15322,0.4,1.562826,3
8,427,21,15,29.4,18.8,5.15322,0.4,1.25202,3
8,594,17,22,29.4,18.8,5.15322,0.4,1.741686,3
8,527,25,42,29.4,18.8,5.15322,0.4,1.545233,3
8,403,18,32,29.4,18.8,5.15322,0.4,1.181649,3
8,139,22,38,29.4,18.8,5.15322,0.4,0,3
8,162,17,19,29.4,18.8,5.15322,0.4,0,3
9,697,21,19,29.5,19.2,5.18427,0.4,2.073708,3
9,676,24,44,29.5,19.2,5.18427,0.4,2.073708,3
9,431,21,44,29.5,19.2,5.18427,0.4,1.282307,3
9,429,24,18,29.5,19.2,5.18427,0.4,1.276357,3
9,561,23,28,29.5,19.2,5.18427,0.4,1.669082,3
9,502,22,23,29.5,19.2,5.18427,0.4,1.493546,3
9,507,24,24,29.5,19.2,5.18427,0.4,1.508422,3
9,522,24,37,29.5,19.2,5.18427,0.4,1.55305,3
9,345,16,12,29.5,19.2,5.18427,0.4,0,3
9,317,23,29,29.5,19.2,5.18427,0.4,0,3
10,710,23,39,29.7,19.1,5.19048,0.4,2.076192,3
10,634,22,16,29.7,19.1,5.19048,0.4,2.076192,3
10,436,24,22,29.7,19.1,5.19048,0.4,1.274957,3
10,392,27,44,29.7,19.1,5.19048,0.4,1.146292,3
10,425,16,36,29.7,19.1,5.19048,0.4,0,3
10,409,28,29,29.7,19.1,5.19048,0.4,1.196004,3
10,574,25,26,29.7,19.1,5.19048,0.4,1.678499,3
10,429,25,42,29.7,19.1,5.19048,0.4,1.254488,3
10,176,26,27,29.7,19.1,5.19048,0.4,0,3
10,112,19,15,29.7,19.1,5.19048,0.4,0,3
11,679,27,13,29.8,19.3,5.20911,0.4,2.083644,3
11,653,22,26,29.8,19.3,5.20911,0.4,2.083644,3
11,438,18,34,29.8,19.3,5.20911,0.4,1.344088,3
11,418,25,38,29.8,19.3,5.20911,0.4,1.282715,3
11,550,21,17,29.8,19.3,5.20911,0.4,1.687782,3
11,419,21,40,29.8,19.3,5.20911,0.4,1.285783,3
11,595,24,37,29.8,19.3,5.20911,0.4,1.825874,3
11,586,18,37,29.8,19.3,5.20911,0.4,1.798255,3
11,184,22,14,29.8,19.3,5.20911,0.4,0,3
11,301,21,18,29.8,19.3,5.20911,0.4,0,3
12,702,24,21,29.3,19.4,5.18427,0.4,2.073708,3
12,643,21,40,29.3,19.4,5.18427,0.4,2.073708,3
12,483,26,31,29.3,19.4,5.18427,0.4,1.426782,3
12,432,26,30,29.3,19.4,5.18427,0.4,1.276128,3
12,467,17,39,29.3,19.4,5.18427,0.4,1.379518,3
12,425,27,31,29.3,19.4,5.18427,0.4,1.25545,3
12,502,18,35,29.3,19.4,5.18427,0.4,1.482908,3
12,459,19,16,29.3,19.4,5.18427,0.4,1.355886,3
12,103,17,39,29.3,19.4,5.18427,0.4,0,3
12,205,18,30,29.3,19.4,5.18427,0.4,0,3
13,698,28,28,30.1,18.8,5.19669,0.4,2.078676,3
13,636,19,17,30.1,18.8,5.19669,0.4,2.078676,3
13,375,23,25,30.1,18.8,5.19669,0.4,1.116767,3
13,390,20,31,30.1,18.8,5.19669,0.4,1.161438,3
13,574,26,23,30.1,18.8,5.19669,0.4,1.709398,3
13,551,21,40,30.1,18.8,5.19669,0.4,1.640903,3
13,455,16,29,30.1,18.8,5.19669,0.4,1.355011,3
13,546,22,29,30.1,18.8,5.19669,0.4,1.626013,3
13,329,19,26,30.1,18.8,5.19669,0.4,0,3
13,107,15,34,30.1,18.8,5.19669,0.4,0,3
14,656,27,40,28.9,18.9,5.12838,0.4,2.051352,3
14,620,21,21,28.9,18.9,5.12838,0.4,2.051352,3
14,477,22,19,28.9,18.9,5.12838,0.4,1.491608,3
14,507,27,32,28.9,18.9,5.12838,0.4,1.58542,3
14,520,21,35,28.9,18.9,5.12838,0.4,1.626072,3
14,510,18,18,28.9,18.9,5.12838,0.4,1.594801,3
14,371,16,15,28.9,18.9,5.12838,0.4,1.16014,3
14,407,23,20,28.9,18.9,5.12838,0.4,1.272714,3
14,250,22,34,28.9,18.9,5.12838,0.4,0,3
14,110,25,42,28.9,18.9,5.12838,0.4,0,3
15,692,19,24,28.8,19.1,5.13459,0.4,2.053836,3
15,626,25,29,28.8,19.1,5.13459,0.4,2.053836,3
15,576,22,29,28.8,19.1,5.13459,0.4,1.709551,3
15,441,26,21,28.8,19.1,5.13459,0.4,1.308875,3
15,515,20,14,28.8,19.1,5.13459,0.4,1.528505,3
15,600,16,17,28.8,19.1,5.13459,0.4,1.780783,3
15,387,23,19,28.8,19.1,5.13459,0.4,1.148605,3
15,477,26,20,28.8,19.1,5.13459,0.4,1.415722,3
15,125,21,21,28.8,19.1,5.13459,0.4,0,3
15,366,20,21,28.8,19.1,5.13459,0.4,0,3
16,675,17,22,28.9,19,5.13459,0.4,2.053836,3
16,611,25,19,28.9,19,5.13459,0.4,2.053836,3
16,515,27,20,28.9,19,5.13459,0.4,1.567001,3
16,418,27,28,28.9,19,5.13459,0.4,1.271857,3
16,465,16,36,28.9,19,5.13459,0.4,1.414865,3
16,460,26,17,28.9,19,5.13459,0.4,1.399651,3
16,514,21,28,28.9,19,5.13459,0.4,1.563958,3
16,500,20,18,28.9,19,5.13459,0.4,1.52136,3
16,288,26,19,28.9,19,5.13459,0.4,0,3
16,239,19,27,28.9,19,5.13459,0.4,0,3
17,657,18,19,29,19.2,5.15322,0.4,2.061288,3
17,646,23,18,29,19.2,5.15322,0.4,2.061288,3
17,404,15,36,29,19.2,5.15322,0.4,1.26752,3
17,582,28,43,29,19.2,5.15322,0.4,1.825981,3
17,429,26,37,29,19.2,5.15322,0.4,1.345955,3
17,549,23,34,29,19.2,5.15322,0.4,1.722446,3
17,560,23,30,29,19.2,5.15322,0.4,1.756958,3
17,420,16,35,29,19.2,5.15322,0.4,1.317718,3
17,239,22,14,29,19.2,5.15322,0.4,0,3
17,140,15,25,29,19.2,5.15322,0.4,0,3
18,653,26,30,29.1,19.3,5.16564,0.4,2.066256,3
18,620,18,20,29.1,19.3,5.16564,0.4,2.066256,3
18,534,26,25,29.1,19.3,5.16564,0.4,1.68971,3
18,469,21,30,29.1,19.3,5.16564,0.4,1.484034,3
18,457,26,27,29.1,19.3,5.16564,0.4,1.446063,3
18,576,15,23,29.1,19.3,5.16564,0.4,1.822609,3
18,425,24,26,29.1,19.3,5.16564,0.4,1.344807,3
18,431,22,17,29.1,19.3,5.16564,0.4,1.363792,3
18,293,23,40,29.1,19.3,5.16564,0.4,0,3
18,309,27,39,29.1,19.3,5.16564,0.4,0,3
19,654,16,15,30.1,18.5,5.17806,0.4,2.071224,3
19,636,22,19,30.1,18.5,5.17806,0.4,2.071224,3
19,404,17,25,30.1,18.5,5.17806,0.4,1.279472,3
19,387,15,31,30.1,18.5,5.17806,0.4,1.225633,3
19,585,16,21,30.1,18.5,5.17806,0.4,1.8527,3
19,467,27,28,30.1,18.5,5.17806,0.4,1.478993,3
19,393,19,19,30.1,18.5,5.17806,0.4,1.244635,3
19,375,24,16,30.1,18.5,5.17806,0.4,1.187628,3
19,276,28,26,30.1,18.5,5.17806,0.4,0,3
19,175,27,37,30.1,18.5,5.17806,0.4,0,3
20,718,20,14,29.8,18.9,5.18427,0.4,2.073708,3
20,606,23,41,29.8,18.9,5.18427,0.4,2.073708,3
20,589,16,31,29.8,18.9,5.18427,0.4,1.701134,3
20,412,23,19,29.8,18.9,5.18427,0.4,1.189927,3
20,582,23,24,29.8,18.9,5.18427,0.4,0,3
20,398,23,12,29.8,18.9,5.18427,0.4,1.149493,3
20,468,23,24,29.8,18.9,5.18427,0.4,1.351665,3
20,395,27,42,29.8,18.9,5.18427,0.4,1.140828,3
20,131,28,17,29.8,18.9,5.18427,0.4,0,3
20,343,22,29,29.8,18.9,5.18427,0.4,0,3
21,704,28,29,29.9,19.1,5.2029,0.8,4.16232,3
21,695,17,40,29.9,19.1,5.2029,0.8,4.16232,3
21,382,15,41,29.9,19.1,5.2029,0.8,2.258532,3
21,409,28,18,29.9,19.1,5.2029,0.8,2.418166,3
21,383,16,38,29.9,19.1,5.2029,0.8,2.264444,3
21,468,28,14,29.9,19.1,5.2029,0.8,2.766997,3
21,586,24,42,29.9,19.1,5.2029,0.8,3.464658,3
21,508,23,36,29.9,19.1,5.2029,0.8,3.003492,3
21,218,26,29,29.9,19.1,5.2029,0.8,0,3
21,236,18,12,29.9,19.1,5.2029,0.8,0,3
22,666,19,32,30,19.3,5.22153,0.8,4.177224,3
22,644,26,43,30,19.3,5.22153,0.8,4.177224,3
22,567,28,20,30,19.3,5.22153,0.8,3.556285,3
22,453,18,24,30,19.3,5.22153,0.8,2.841265,3
22,454,17,43,30,19.3,5.22153,0.8,2.545461,3
22,595,16,23,30,19.3,5.22153,0.8,3.731904,3
22,568,21,25,30,19.3,5.22153,0.8,3.562557,3
22,464,27,43,30,19.3,5.22153,0.8,2.910258,3
22,116,20,41,30,19.3,5.22153,0.8,0,3
22,212,25,38,30,19.3,5.22153,0.8,0,3
23,693,26,19,29.5,19.5,5.2029,0.8,4.16232,3
23,677,27,29,29.5,19.5,5.2029,0.8,4.16232,3
23,465,23,24,29.5,19.5,5.2029,0.8,2.792899,3
23,570,27,13,29.5,19.5,5.2029,0.8,3.423553,3
23,567,26,38,29.5,19.5,5.2029,0.8,3.405535,3
23,586,20,13,29.5,19.5,5.2029,0.8,3.519653,3
23,501,20,29,29.5,19.5,5.2029,0.8,3.009123,3
23,400,18,34,29.5,19.5,5.2029,0.8,2.402494,3
23,245,27,43,29.5,19.5,5.2029,0.8,0,3
23,334,21,26,29.5,19.5,5.2029,0.8,0,3
24,663,28,23,29.7,19,5.18427,0.8,4.147416,3
24,663,28,30,29.7,19,5.18427,0.8,4.147416,3
24,411,18,24,29.7,19,5.18427,0.8,2.571023,3
24,487,15,44,29.7,19,5.18427,0.8,3.046443,3
24,504,25,15,29.7,19,5.18427,0.8,3.152787,3
24,600,18,33,29.7,19,5.18427,0.8,3.753318,3
24,468,19,42,29.7,19,5.18427,0.8,2.927588,3
24,410,22,16,29.7,19,5.18427,0.8,2.564767,3
24,216,20,24,29.7,19,5.18427,0.8,0,3
24,255,16,34,29.7,19,5.18427,0.8,0,3
25,667,28,16,30.5,19.8,5.28363,0.8,4.226904,3
25,648,15,29,30.5,19.8,5.28363,0.8,4.226904,3
25,539,18,42,30.5,19.8,5.28363,0.8,3.415744,3
25,416,22,25,30.5,19.8,5.28363,0.8,2.63627,3
25,398,28,42,30.5,19.8,5.28363,0.8,2.522201,3
25,410,17,32,30.5,19.8,5.28363,0.8,2.598247,3
25,586,15,31,30.5,19.8,5.28363,0.8,3.713592,3
25,377,27,44,30.5,19.8,5.28363,0.8,2.38912,3
25,296,25,13,30.5,19.8,5.28363,0.8,0,3
25,106,27,23,30.5,19.8,5.28363,0.8,0,3
26,651,18,35,28.9,18.9,5.12838,0.8,4.102704,3
26,639,26,34,28.9,18.9,5.12838,0.8,4.102704,3
26,379,23,43,28.9,18.9,5.12838,0.8,2.388517,3
26,560,23,13,28.9,18.9,5.12838,0.8,3.529208,3
26,432,25,31,28.9,18.9,5.12838,0.8,2.722532,3
26,594,23,32,28.9,18.9,5.12838,0.8,3.743481,3
26,456,23,22,28.9,18.9,5.12838,0.8,2.873783,3
26,387,17,39,28.9,18.9,5.12838,0.8,2.438935,3
26,115,17,37,28.9,18.9,5.12838,0.8,0,3
26,351,23,35,28.9,18.9,5.12838,0.8,0,3
27,677,26,35,29.2,18.8,5.1408,0.8,4.11264,3
27,626,16,37,29.2,18.8,5.1408,0.8,4.11264,3
27,425,25,42,29.2,18.8,5.1408,0.8,2.58179,3
27,424,22,33,29.2,18.8,5.1408,0.8,2.575715,3
27,461,22,28,29.2,18.8,5.1408,0.8,2.800483,3
27,569,25,29,29.2,18.8,5.1408,0.8,3.456562,3
27,422,18,42,29.2,18.8,5.1408,0.8,2.563566,3
27,377,15,25,29.2,18.8,5.1408,0.8,2.2902,3
27,108,21,44,29.2,18.8,5.1408,0.8,0,3
27,335,23,32,29.2,18.8,5.1408,0.8,0,3
28,681,23,21,30.6,19,5.24016,0.8,4.192128,3
28,657,23,39,30.6,19,5.24016,0.8,4.192128,3
28,557,28,14,30.6,19,5.24016,0.8,3.428804,3
28,534,24,13,30.6,19,5.24016,0.8,3.287219,3
28,493,18,24,30.6,19,5.24016,0.8,3.03483,3
28,562,24,35,30.6,19,5.24016,0.8,3.459583,3
28,414,17,25,30.6,19,5.24016,0.8,2.548518,3
28,542,27,16,30.6,19,5.24016,0.8,3.336466,3
28,300,15,40,30.6,19,5.24016,0.8,0,3
28,352,23,44,30.6,19,5.24016,0.8,0,3
29,712,20,23,28.4,19.1,5.10975,0.8,4.0878,3
29,627,18,30,28.4,19.1,5.10975,0.8,4.0878,3
29,536,28,12,28.4,19.1,5.10975,0.8,3.077333,3
29,558,23,21,28.4,19.1,5.10975,0.8,3.203641,3
29,554,24,16,28.4,19.1,5.10975,0.8,3.180676,3
29,382,28,18,28.4,19.1,5.10975,0.8,2.193174,3
29,593,20,42,28.4,19.1,5.10975,0.8,3.404586,3
29,576,17,31,28.4,19.1,5.10975,0.8,3.306984,3
29,249,15,13,28.4,19.1,5.10975,0.8,0,3
29,279,23,42,28.4,19.1,5.10975,0.8,0,3
30,710,15,29,30.1,19,5.20911,0.8,4.167288,3
30,707,27,30,30.1,19,5.20911,0.8,4.167288,3
30,549,25,30,30.1,19,5.20911,0.8,3.222311,3
30,553,15,12,30.1,19,5.20911,0.8,0,3
30,590,18,35,30.1,19,5.20911,0.8,3.462958,3
30,569,27,14,30.1,19,5.20911,0.8,3.3397,3
30,496,23,18,30.1,19,5.20911,0.8,2.911232,3
30,442,16,41,30.1,19,5.20911,0.8,2.594284,3
30,285,27,31,30.1,19,5.20911,0.8,0,3
30,346,19,24,30.1,19,5.20911,0.8,0,3
31,671,19,21,28,15,4.8303,0.8,3.86424,3
31,645,15,28,28,15,4.8303,0.8,3.86424,3
31,587,28,37,28,15,4.8303,0.8,3.38049,3
31,383,20,18,28,15,4.8303,0.8,2.205669,3
31,481,25,18,28,15,4.8303,0.8,2.770044,3
31,570,26,30,28,15,4.8303,0.8,3.282588,3
31,481,16,38,28,15,4.8303,0.8,2.770044,3
31,492,17,41,28,15,4.8303,0.8,2.833392,3
31,228,16,38,28,15,4.8303,0.8,0,3
31,126,24,21,28,15,4.8303,0.8,0,3
32,708,20,34,28,15.2,4.84272,0.8,3.874176,3
32,649,26,17,28,15.2,4.84272,0.8,3.874176,3
32,384,19,39,28,15.2,4.84272,0.8,2.101248,3
32,583,24,13,28,15.2,4.84272,0.8,3.190176,3
32,593,16,34,28,15.2,4.84272,0.8,3.244896,3
32,527,17,13,28,15.2,4.84272,0.8,2.883744,3
32,540,17,17,28,15.2,4.84272,0.8,2.95488,3
32,543,15,38,28,15.2,4.84272,0.8,2.971296,3
32,159,20,27,28,15.2,4.84272,0.8,0,3
32,200,16,26,28,15.2,4.84272,0.8,0,3
33,672,18,25,28.3,15.1,4.85514,0.8,3.884112,3
33,647,15,24,28.3,15.1,4.85514,0.8,3.884112,3
33,450,27,34,28.3,15.1,4.85514,0.8,2.600968,3
33,489,25,13,28.3,15.1,4.85514,0.8,2.826385,3
33,419,21,32,28.3,15.1,4.85514,0.8,2.42179,3
33,543,16,34,28.3,15.1,4.85514,0.8,3.138501,3
33,465,23,35,28.3,15.1,4.85514,0.8,2.687667,3
33,591,25,26,28.3,15.1,4.85514,0.8,3.415938,3
33,239,22,44,28.3,15.1,4.85514,0.8,0,3
33,132,19,39,28.3,15.1,4.85514,0.8,0,3
34,700,28,42,28.8,15.3,4.89861,0.8,3.918888,3
34,620,22,12,28.8,15.3,4.89861,0.8,3.918888,3
34,561,22,14,28.8,15.3,4.89861,0.8,3.140709,3
34,393,20,14,28.8,15.3,4.89861,0.8,2.200176,3
34,588,22,18,28.8,15.3,4.89861,0.8,3.291866,3
34,545,23,39,28.8,15.3,4.89861,0.8,3.051134,3
34,531,18,12,28.8,15.3,4.89861,0.8,2.972756,3
34,398,25,29,28.8,15.3,4.89861,0.8,2.228168,3
34,192,24,29,28.8,15.3,4.89861,0.8,0,3
34,183,21,37,28.8,15.3,4.89861,0.8,0,3
35,680,22,38,28.4,15.3,4.87377,0.8,3.899016,3
35,650,17,37,28.4,15.3,4.87377,0.8,3.899016,3
35,399,24,19,28.4,15.3,4.87377,0.8,2.287805,3
35,452,23,12,28.4,15.3,4.87377,0.8,2.591699,3
35,448,20,18,28.4,15.3,4.87377,0.8,2.568763,3
35,469,19,22,28.4,15.3,4.87377,0.8,2.689174,3
35,417,16,29,28.4,15.3,4.87377,0.8,2.391014,3
35,419,18,38,28.4,15.3,4.87377,0.8,2.402482,3
35,211,17,28,28.4,15.3,4.87377,0.8,0,3
35,350,21,27,28.4,15.3,4.87377,0.8,0,3
36,711,16,42,28.8,15.5,4.91103,0.8,3.928824,3
36,708,23,27,28.8,15.5,4.91103,0.8,3.928824,3
36,504,17,38,28.8,15.5,4.91103,0.8,2.784989,3
36,530,26,42,28.8,15.5,4.91103,0.8,2.928659,3
36,568,21,30,28.8,15.5,4.91103,0.8,3.138639,3
36,429,24,27,28.8,15.5,4.91103,0.8,2.370556,3
36,391,22,34,28.8,15.5,4.91103,0.8,2.160577,3
36,522,15,43,28.8,15.5,4.91103,0.8,2.884453,3
36,293,27,40,28.8,15.5,4.91103,0.8,0,3
36,174,15,25,28.8,15.5,4.91103,0.8,0,3
37,701,28,35,28.1,15.4,4.86135,0.8,3.88908,3
37,659,22,37,28.1,15.4,4.86135,0.8,3.88908,3
37,457,17,16,28.1,15.4,4.86135,0.8,2.535392,3
37,414,23,42,28.1,15.4,4.86135,0.8,2.296832,3
37,438,17,21,28.1,15.4,4.86135,0.8,2.429982,3
37,505,19,40,28.1,15.4,4.86135,0.8,2.801691,3
37,576,27,28,28.1,15.4,4.86135,0.8,3.195592,3
37,435,18,21,28.1,15.4,4.86135,0.8,2.413338,3
37,194,25,37,28.1,15.4,4.86135,0.8,0,3
37,104,16,24,28.1,15.4,4.86135,0.8,0,3
38,652,20,26,27.8,15.9,4.87377,0.8,3.899016,3
38,616,28,17,27.8,15.9,4.87377,0.8,3.899016,3
38,521,28,35,27.8,15.9,4.87377,0.8,3.115625,3
38,581,16,28,27.8,15.9,4.87377,0.8,3.47443,3
38,480,19,25,27.8,15.9,4.87377,0.8,2.870441,3
38,403,21,35,27.8,15.9,4.87377,0.8,2.409975,3
38,413,21,35,27.8,15.9,4.87377,0.8,2.469775,3
38,534,21,20,27.8,15.9,4.87377,0.8,3.193366,3
38,147,15,38,27.8,15.9,4.87377,0.8,0,3
38,266,25,31,27.8,15.9,4.87377,0.8,0,3
39,693,17,16,35.1,15.1,5.27742,0.8,4.221936,3
39,670,25,12,35.1,15.1,5.27742,0.8,4.221936,3
39,457,24,39,35.1,15.1,5.27742,0.8,2.784163,3
39,508,27,37,35.1,15.1,5.27742,0.8,3.094868,3
39,499,18,35,35.1,15.1,5.27742,0.8,3.040038,3
39,470,17,31,35.1,15.1,5.27742,0.8,2.863362,3
39,537,23,18,35.1,15.1,5.27742,0.8,3.271543,3
39,415,28,44,35.1,15.1,5.27742,0.8,2.528288,3
39,222,15,18,35.1,15.1,5.27742,0.8,0,3
39,233,23,13,35.1,15.1,5.27742,0.8,0,3
40,650,22,16,31,14.9,5.01039,0.8,4.008312,3
40,626,25,23,31,14.9,5.01039,0.8,4.008312,3
40,384,25,36,31,14.9,5.01039,0.8,2.367987,3
40,561,22,31,31,14.9,5.01039,0.8,3.459482,3
40,421,15,38,31,14.9,5.01039,0.8,0,3
40,511,15,20,31,14.9,5.01039,0.8,3.15115,3
40,446,24,35,31,14.9,5.01039,0.8,2.750319,3
40,390,19,27,31,14.9,5.01039,0.8,2.404987,3
40,363,17,28,31,14.9,5.01039,0.8,0,3
40,352,18,23,31,14.9,5.01039,0.8,0,3
41,711,17,37,31.2,15,5.02902,0.8,4.023216,3
41,703,21,18,31.2,15,5.02902,0.8,4.023216,3
41,581,20,38,31.2,15,5.02902,0.8,3.287607,3
41,573,19,44,31.2,15,5.02902,0.8,3.242339,3
41,400,23,18,31.2,15,5.02902,0.8,2.263413,3
41,583,27,20,31.2,15,5.02902,0.8,3.298924,3
41,458,18,25,31.2,15,5.02902,0.8,2.591607,3
41,450,23,33,31.2,15,5.02902,0.8,2.546339,3
41,318,15,38,31.2,15,5.02902,0.8,0,3
41,311,26,22,31.2,15,5.02902,0.8,0,3
42,683,15,26,28,14.8,4.81788,0.8,3.854304,3
42,655,22,33,28,14.8,4.81788,0.8,3.854304,3
42,556,15,20,28,14.8,4.81788,0.8,3.137618,3
42,527,16,38,28,14.8,4.81788,0.8,2.973965,3
42,571,24,26,28,14.8,4.81788,0.8,3.222266,3
42,388,19,26,28,14.8,4.81788,0.8,2.189561,3
42,571,23,12,28,14.8,4.81788,0.8,3.222266,3
42,374,26,39,28,14.8,4.81788,0.8,2.110556,3
42,308,27,28,28,14.8,4.81788,0.8,0,3
42,143,18,24,28,14.8,4.81788,0.8,0,3
43,710,17,22,28.5,14.9,4.85514,0.8,3.884112,3
43,632,19,40,28.5,14.9,4.85514,0.8,3.884112,3
43,412,28,33,28.5,14.9,4.85514,0.8,2.253879,3
43,421,19,35,28.5,14.9,4.85514,0.8,2.303114,3
43,379,23,16,28.5,14.9,4.85514,0.8,2.07335,3
43,566,23,28,28.5,14.9,4.85514,0.8,3.096348,3
43,589,23,23,28.5,14.9,4.85514,0.8,3.222172,3
43,512,19,44,28.5,14.9,4.85514,0.8,2.800937,3
43,283,22,42,28.5,14.9,4.85514,0.8,0,3
43,117,20,13,28.5,14.9,4.85514,0.8,0,3
44,653,26,39,28.8,14.8,4.86756,0.8,3.894048,3
44,612,15,43,28.8,14.8,4.86756,0.8,3.894048,3
44,389,27,42,28.8,14.8,4.86756,0.8,2.319732,3
44,422,26,13,28.8,14.8,4.86756,0.8,2.516521,3
44,489,28,25,28.8,14.8,4.86756,0.8,0,3
44,461,25,12,28.8,14.8,4.86756,0.8,2.749091,3
44,496,21,36,28.8,14.8,4.86756,0.8,2.957807,3
44,520,22,41,28.8,14.8,4.86756,0.8,3.100926,3
44,179,19,39,28.8,14.8,4.86756,0.8,0,3
44,148,24,18,28.8,14.8,4.86756,0.8,0,3
45,670,16,43,28.9,14.9,4.87998,0.8,3.903984,3
45,670,24,28,28.9,14.9,4.87998,0.8,3.903984,3
45,440,27,42,28.9,14.9,4.87998,0.8,2.56381,3
45,371,25,32,28.9,14.9,4.87998,0.8,2.161758,3
45,490,25,36,28.9,14.9,4.87998,0.8,2.855152,3
45,425,21,23,28.9,14.9,4.87998,0.8,2.476408,3
45,398,17,27,28.9,14.9,4.87998,0.8,2.319083,3
45,592,24,35,28.9,14.9,4.87998,0.8,3.44949,3
45,106,27,30,28.9,14.9,4.87998,0.8,0,3
45,125,23,34,28.9,14.9,4.87998,0.8,0,3
46,690,19,26,29,14.5,4.86135,0.8,3.88908,3
46,610,23,34,29,14.5,4.86135,0.8,3.88908,3
46,397,20,19,29,14.5,4.86135,0.8,2.23763,3
46,529,17,40,29,14.5,4.86135,0.8,2.981628,3
46,457,28,12,29,14.5,4.86135,0.8,2.575811,3
46,489,26,26,29,14.5,4.86135,0.8,2.756174,3
46,416,27,37,29,14.5,4.86135,0.8,2.344721,3
46,509,18,42,29,14.5,4.86135,0.8,2.868901,3
46,182,28,35,29,14.5,4.86135,0.8,0,3
46,341,25,26,29,14.5,4.86135,0.8,0,3
47,712,25,40,29.1,19,5.14701,0.8,4.117608,3
47,709,15,13,29.1,19,5.14701,0.8,4.117608,3
47,395,24,28,29.1,19,5.14701,0.8,2.284347,3
47,544,26,22,29.1,19,5.14701,0.8,3.146038,3
47,389,22,25,29.1,19,5.14701,0.8,2.249648,3
47,566,20,43,29.1,19,5.14701,0.8,3.273267,3
47,385,20,12,29.1,19,5.14701,0.8,2.226516,3
47,473,20,41,29.1,19,5.14701,0.8,2.735433,3
47,264,20,31,29.1,19,5.14701,0.8,0,3
47,178,28,14,29.1,19,5.14701,0.8,0,3
48,693,17,19,28.1,14.6,4.81167,0.8,3.849336,3
48,662,22,20,28.1,14.6,4.81167,0.8,3.849336,3
48,405,22,41,28.1,14.6,4.81167,0.8,2.249612,3
48,401,19,14,28.1,14.6,4.81167,0.8,2.227394,3
48,535,26,23,28.1,14.6,4.81167,0.8,2.97171,3
48,563,26,15,28.1,14.6,4.81167,0.8,3.127238,3
48,423,16,41,28.1,14.6,4.81167,0.8,2.349595,3
48,591,28,15,28.1,14.6,4.81167,0.8,3.282767,3
48,234,24,35,28.1,14.6,4.81167,0.8,0,3
48,142,17,30,28.1,14.6,4.81167,0.8,0,3
49,656,17,39,28,19.1,5.08491,0.8,4.067928,3
49,636,20,12,28,19.1,5.08491,0.8,4.067928,3
49,518,20,32,28,19.1,5.08491,0.8,3.212175,3
49,468,25,42,28,19.1,5.08491,0.8,2.902119,3
49,495,28,20,28,19.1,5.08491,0.8,3.069549,3
49,565,20,42,28,19.1,5.08491,0.8,3.503627,3
49,502,22,20,28,19.1,5.08491,0.8,3.112957,3
49,437,24,16,28,19.1,5.08491,0.8,2.709885,3
49,143,15,12,28,19.1,5.08491,0.8,0,3
49,148,18,25,28,19.1,5.08491,0.8,0,3
50,693,24,39,28.1,14.8,4.82409,0.8,3.859272,3
50,647,25,31,28.1,14.8,4.82409,0.8,3.859272,3
50,392,24,29,28.1,14.8,4.82409,0.8,2.183023,3
50,404,15,34,28.1,14.8,4.82409,0.8,0,3
50,462,26,19,28.1,14.8,4.82409,0.8,2.572848,3
50,438,28,30,28.1,14.8,4.82409,0.8,2.439194,3
50,441,22,34,28.1,14.8,4.82409,0.8,2.4559,3
50,535,23,39,28.1,14.8,4.82409,0.8,2.97938,3
50,365,18,12,28.1,14.8,4.82409,0.8,0,3
50,228,23,39,28.1,14.8,4.82409,0.8,0,3
51,694,20,16,27.8,15,4.81788,1.15,5.540562,3
51,614,27,41,27.8,15,4.81788,1.15,5.540562,3
51,407,26,23,27.8,15,4.81788,1.15,3.249292,3
51,534,22,32,27.8,15,4.81788,1.15,4.263199,3
51,519,21,16,27.8,15,4.81788,1.15,4.143446,3
51,375,25,36,27.8,15,4.81788,1.15,2.99382,3
51,471,18,13,27.8,15,4.81788,1.15,3.760237,3
51,568,28,23,27.8,15,4.81788,1.15,4.534639,3
51,256,26,35,27.8,15,4.81788,1.15,0,3
51,266,26,18,27.8,15,4.81788,1.15,0,3
52,683,16,28,28,14.9,4.82409,1.15,5.5477035,3
52,654,23,14,28,14.9,4.82409,1.15,5.5477035,3
52,423,15,30,28,14.9,4.82409,1.15,3.43584,3
52,426,16,32,28,14.9,4.82409,1.15,3.460207,3
52,516,15,22,28,14.9,4.82409,1.15,4.191237,3
52,503,15,34,28,14.9,4.82409,1.15,4.085644,3
52,491,28,40,28,14.9,4.82409,1.15,3.988173,3
52,492,23,26,28,14.9,4.82409,1.15,3.996296,3
52,121,16,12,28,14.9,4.82409,1.15,0,3
52,297,23,29,28,14.9,4.82409,1.15,0,3
53,664,17,36,27.7,15.1,4.81788,1.15,5.540562,3
53,619,28,15,27.7,15.1,4.81788,1.15,5.540562,3
53,423,22,20,27.7,15.1,4.81788,1.15,3.529605,3
53,433,21,27,27.7,15.1,4.81788,1.15,3.613047,3
53,420,22,12,27.7,15.1,4.81788,1.15,3.504572,3
53,517,24,19,27.7,15.1,4.81788,1.15,4.313962,3
53,512,16,20,27.7,15.1,4.81788,1.15,4.272241,3
53,518,24,27,27.7,15.1,4.81788,1.15,4.322306,3
53,322,18,30,27.7,15.1,4.81788,1.15,0,3
53,279,19,22,27.7,15.1,4.81788,1.15,0,3
54,662,28,37,27.9,15,4.82409,1.15,5.5477035,3
54,636,18,14,27.9,15,4.82409,1.15,5.5477035,3
54,538,19,42,27.9,15,4.82409,1.15,4.508557,3
54,386,28,14,27.9,15,4.82409,1.15,3.234764,3
54,464,16,31,27.9,15,4.82409,1.15,3.888421,3
54,522,23,42,27.9,15,4.82409,1.15,4.374473,3
54,479,27,28,27.9,15,4.82409,1.15,4.014124,3
54,409,22,23,27.9,15,4.82409,1.15,3.427509,3
54,245,23,14,27.9,15,4.82409,1.15,0,3
54,124,20,13,27.9,15,4.82409,1.15,0,3
55,700,22,40,28.9,15.2,4.89861,1.15,5.6334015,3
55,649,27,14,28.9,15.2,4.89861,1.15,5.6334015,3
55,458,27,44,28.9,15.2,4.89861,1.15,3.685854,3
55,437,25,13,28.9,15.2,4.89861,1.15,3.516852,3
55,552,17,36,28.9,15.2,4.89861,1.15,4.442339,3
55,549,23,26,28.9,15.2,4.89861,1.15,4.418196,3
55,421,18,26,28.9,15.2,4.89861,1.15,3.388089,3
55,550,25,13,28.9,15.2,4.89861,1.15,4.426244,3
55,155,27,24,28.9,15.2,4.89861,1.15,0,3
55,364,24,18,28.9,15.2,4.89861,1.15,0,3
56,684,19,15,30.1,15.1,4.96692,1.15,5.711958,3
56,676,23,40,30.1,15.1,4.96692,1.15,5.711958,3
56,599,22,16,30.1,15.1,4.96692,1.15,5.002139,3
56,520,28,36,30.1,15.1,4.96692,1.15,4.342424,3
56,401,23,14,30.1,15.1,4.96692,1.15,3.348677,3
56,513,15,28,30.1,15.1,4.96692,1.15,4.283969,3
56,554,28,28,30.1,15.1,4.96692,1.15,4.626352,3
56,433,21,40,30.1,15.1,4.96692,1.15,3.615903,3
56,177,27,39,30.1,15.1,4.96692,1.15,0,3
56,162,26,44,30.1,15.1,4.96692,1.15,0,3
57,666,15,27,28.1,15.3,4.85514,1.15,5.583411,3
57,624,18,34,28.1,15.3,4.85514,1.15,5.583411,3
57,566,24,35,28.1,15.3,4.85514,1.15,4.745061,3
57,404,21,22,28.1,15.3,4.85514,1.15,3.386934,3
57,405,25,34,28.1,15.3,4.85514,1.15,3.395317,3
57,527,23,22,28.1,15.3,4.85514,1.15,4.418105,3
57,417,26,17,28.1,15.3,4.85514,1.15,3.49592,3
57,600,19,31,28.1,15.3,4.85514,1.15,5.0301,3
57,254,23,38,28.1,15.3,4.85514,1.15,0,3
57,370,25,17,28.1,15.3,4.85514,1.15,0,3
58,706,24,40,28.1,15.2,4.84893,1.15,5.5762695,3
58,648,18,37,28.1,15.2,4.84893,1.15,5.5762695,3
58,428,22,36,28.1,15.2,4.84893,1.15,3.380515,3
58,502,27,33,28.1,15.2,4.84893,1.15,3.964996,3
58,478,25,20,28.1,15.2,4.84893,1.15,3.775435,3
58,380,26,14,28.1,15.2,4.84893,1.15,3.001392,3
58,378,17,27,28.1,15.2,4.84893,1.15,2.985595,3
58,582,15,25,28.1,15.2,4.84893,1.15,4.596868,3
58,209,19,28,28.1,15.2,4.84893,1.15,0,3
58,144,25,16,28.1,15.2,4.84893,1.15,0,3
59,712,26,44,27.8,15.4,4.84272,1.15,5.569128,3
59,643,17,21,27.8,15.4,4.84272,1.15,5.569128,3
59,377,16,40,27.8,15.4,4.84272,1.15,2.948822,3
59,416,22,38,27.8,15.4,4.84272,1.15,3.253873,3
59,454,26,22,27.8,15.4,4.84272,1.15,3.551101,3
59,488,27,20,27.8,15.4,4.84272,1.15,3.817043,3
59,447,18,21,27.8,15.4,4.84272,1.15,3.496349,3
59,458,26,24,27.8,15.4,4.84272,1.15,3.582389,3
59,132,26,40,27.8,15.4,4.84272,1.15,0,3
59,161,23,37,27.8,15.4,4.84272,1.15,0,3
60,678,25,22,28,15.8,4.87998,1.15,5.611977,3
60,620,23,29,28,15.8,4.87998,1.15,5.611977,3
60,576,23,19,28,15.8,4.87998,1.15,4.767697,3
60,389,20,31,28,15.8,4.87998,1.15,3.219851,3
60,382,20,22,28,15.8,4.87998,1.15,0,3
60,426,28,37,28,15.8,4.87998,1.15,3.526109,3
60,499,19,32,28,15.8,4.87998,1.15,4.130349,3
60,392,24,29,28,15.8,4.87998,1.15,3.244683,3
60,105,25,37,28,15.8,4.87998,1.15,0,3
60,362,25,31,28,15.8,4.87998,1.15,0,3
61,680,25,18,28.1,9.9,4.5198,1.15,5.19777,3
61,611,23,33,28.1,9.9,4.5198,1.15,5.19777,3
61,407,16,30,28.1,9.9,4.5198,1.15,3.111018,3
61,559,23,25,28.1,9.9,4.5198,1.15,4.272873,3
61,409,18,39,28.1,9.9,4.5198,1.15,3.126306,3
61,462,19,41,28.1,9.9,4.5198,1.15,3.531426,3
61,374,28,37,28.1,9.9,4.5198,1.15,2.858774,3
61,588,28,14,28.1,9.9,4.5198,1.15,4.494542,3
61,312,25,16,28.1,9.9,4.5198,1.15,0,3
61,326,25,41,28.1,9.9,4.5198,1.15,0,3
62,698,27,14,28.9,9.8,4.56327,1.15,5.2477605,3
62,605,27,28,28.9,9.8,4.56327,1.15,5.2477605,3
62,597,22,17,28.9,9.8,4.56327,1.15,4.488414,3
62,555,21,39,28.9,9.8,4.56327,1.15,4.172646,3
62,408,23,37,28.9,9.8,4.56327,1.15,3.067459,3
62,424,28,43,28.9,9.8,4.56327,1.15,3.187751,3
62,402,19,28,28.9,9.8,4.56327,1.15,3.022349,3
62,487,18,24,28.9,9.8,4.56327,1.15,3.661403,3
62,327,16,24,28.9,9.8,4.56327,1.15,0,3
62,111,17,44,28.9,9.8,4.56327,1.15,0,3
63,709,20,36,30.1,10,4.65021,1.15,5.3477415,3
63,700,24,34,30.1,10,4.65021,1.15,5.3477415,3
63,410,25,14,30.1,10,4.65021,1.15,3.092488,3
63,567,26,42,30.1,10,4.65021,1.15,4.276685,3
63,509,20,34,30.1,10,4.65021,1.15,3.839211,3
63,388,19,21,30.1,10,4.65021,1.15,2.92655,3
63,515,16,34,30.1,10,4.65021,1.15,3.884467,3
63,552,16,43,30.1,10,4.65021,1.15,4.163545,3
63,236,18,44,30.1,10,4.65021,1.15,0,3
63,236,19,18,30.1,10,4.65021,1.15,0,3
64,687,15,17,30.1,10.1,4.65642,1.15,5.354883,3
64,630,28,18,30.1,10.1,4.65642,1.15,5.354883,3
64,572,27,22,30.1,10.1,4.65642,1.15,4.458505,3
64,551,28,28,30.1,10.1,4.65642,1.15,4.294819,3
64,477,19,38,30.1,10.1,4.65642,1.15,3.718019,3
64,573,26,22,30.1,10.1,4.65642,1.15,4.4663,3
64,495,27,36,30.1,10.1,4.65642,1.15,3.858322,3
64,409,22,39,30.1,10.1,4.65642,1.15,3.187987,3
64,213,22,34,30.1,10.1,4.65642,1.15,0,3
64,327,26,33,30.1,10.1,4.65642,1.15,0,3
65,679,15,29,30.2,9.9,4.65021,1.15,5.3477415,3
65,672,19,36,30.2,9.9,4.65021,1.15,5.3477415,3
65,389,20,12,30.2,9.9,4.65021,1.15,3.063728,3
65,598,17,30,30.2,9.9,4.65021,1.15,4.709793,3
65,531,17,12,30.2,9.9,4.65021,1.15,4.182107,3
65,438,23,38,30.2,9.9,4.65021,1.15,3.449648,3
65,451,15,28,30.2,9.9,4.65021,1.15,3.552034,3
65,506,25,25,30.2,9.9,4.65021,1.15,3.985209,3
65,235,21,20,30.2,9.9,4.65021,1.15,0,3
65,111,28,12,30.2,9.9,4.65021,1.15,0,3
66,650,17,15,31.9,10.1,4.7682,1.15,5.48343,3
66,608,22,18,31.9,10.1,4.7682,1.15,5.48343,3
66,444,18,13,31.9,10.1,4.7682,1.15,3.745604,3
66,450,20,20,31.9,10.1,4.7682,1.15,3.796221,3
66,464,20,20,31.9,10.1,4.7682,1.15,3.54684,3
66,434,23,28,31.9,10.1,4.7682,1.15,3.661244,3
66,443,23,20,31.9,10.1,4.7682,1.15,3.737168,3
66,479,19,39,31.9,10.1,4.7682,1.15,4.040866,3
66,262,25,17,31.9,10.1,4.7682,1.15,0,3
66,107,16,37,31.9,10.1,4.7682,1.15,0,3
67,688,19,39,29.9,9.8,4.62537,1.15,5.3191755,3
67,667,15,27,29.9,9.8,4.62537,1.15,5.3191755,3
67,511,26,29,29.9,9.8,4.62537,1.15,3.950725,3
67,593,24,17,29.9,9.8,4.62537,1.15,4.584696,3
67,385,24,26,29.9,9.8,4.62537,1.15,2.976573,3
67,596,16,22,29.9,9.8,4.62537,1.15,4.60789,3
67,445,17,41,29.9,9.8,4.62537,1.15,3.440455,3
67,482,24,17,29.9,9.8,4.62537,1.15,3.726515,3
67,262,24,42,29.9,9.8,4.62537,1.15,0,3
67,129,24,14,29.9,9.8,4.62537,1.15,0,3
68,696,15,16,28,9.7,4.50117,1.15,5.1763455,3
68,648,20,30,28,9.7,4.50117,1.15,5.1763455,3
68,446,15,13,28,9.7,4.50117,1.15,3.317026,3
68,478,25,43,28,9.7,4.50117,1.15,3.555019,3
68,439,15,42,28,9.7,4.50117,1.15,3.264965,3
68,568,28,30,28,9.7,4.50117,1.15,4.224374,3
68,543,21,36,28,9.7,4.50117,1.15,4.038442,3
68,481,15,14,28,9.7,4.50117,1.15,3.577331,3
68,304,23,43,28,9.7,4.50117,1.15,0,3
68,359,26,15,28,9.7,4.50117,1.15,0,3
69,705,26,33,28.1,9.6,4.50117,1.15,5.1763455,3
69,702,22,40,28.1,9.6,4.50117,1.15,5.1763455,3
69,453,28,37,28.1,9.6,4.50117,1.15,3.326077,3
69,444,17,36,28.1,9.6,4.50117,1.15,3.259996,3
69,477,15,40,28.1,9.6,4.50117,1.15,3.502293,3
69,571,15,44,28.1,9.6,4.50117,1.15,4.192473,3
69,489,25,17,28.1,9.6,4.50117,1.15,3.590401,3
69,503,17,18,28.1,9.6,4.50117,1.15,3.693194,3
69,279,15,40,28.1,9.6,4.50117,1.15,0,3
69,181,25,35,28.1,9.6,4.50117,1.15,0,3
70,660,19,26,25.5,9.5,4.3335,1.15,4.983525,3
70,637,25,12,25.5,9.5,4.3335,1.15,4.983525,3
70,436,17,38,25.5,9.5,4.3335,1.15,3.292147,3
70,409,16,14,25.5,9.5,4.3335,1.15,3.088275,3
70,445,23,43,25.5,9.5,4.3335,1.15,0,3
70,459,23,28,25.5,9.5,4.3335,1.15,3.465815,3
70,552,20,32,25.5,9.5,4.3335,1.15,4.168039,3
70,582,20,36,25.5,9.5,4.3335,1.15,4.394563,3
70,243,26,16,25.5,9.5,4.3335,1.15,0,3
70,239,22,40,25.5,9.5,4.3335,1.15,0,3
71,708,27,37,28.4,9.4,4.50738,1.15,5.183487,3
71,615,28,12,28.4,9.4,4.50738,1.15,5.183487,3
71,594,26,37,28.4,9.4,4.50738,1.15,4.348858,3
71,491,25,29,28.4,9.4,4.50738,1.15,3.594763,3
71,490,16,27,28.4,9.4,4.50738,1.15,3.587442,3
71,376,27,39,28.4,9.4,4.50738,1.15,2.752812,3
71,567,26,15,28.4,9.4,4.50738,1.15,4.151182,3
71,528,23,32,28.4,9.4,4.50738,1.15,3.865651,3
71,155,18,38,28.4,9.4,4.50738,1.15,0,3
71,138,18,40,28.4,9.4,4.50738,1.15,0,3
72,707,27,41,28.9,9.6,4.55085,1.15,5.2334775,3
72,689,18,13,28.9,9.6,4.55085,1.15,5.2334775,3
72,479,22,21,28.9,9.6,4.55085,1.15,3.545737,3
72,417,15,40,28.9,9.6,4.55085,1.15,3.086789,3
72,504,26,28,28.9,9.6,4.55085,1.15,3.730796,3
72,440,22,18,28.9,9.6,4.55085,1.15,3.257044,3
72,564,27,27,28.9,9.6,4.55085,1.15,4.174938,3
72,511,20,27,28.9,9.6,4.55085,1.15,3.782612,3
72,149,15,41,28.9,9.6,4.55085,1.15,0,3
72,206,26,37,28.9,9.6,4.55085,1.15,0,3
73,697,27,22,28.4,10.1,4.55085,1.15,5.2334775,3
73,639,25,32,28.4,10.1,4.55085,1.15,5.2334775,3
73,539,19,31,28.4,10.1,4.55085,1.15,4.047122,3
73,529,21,31,28.4,10.1,4.55085,1.15,3.972037,3
73,497,19,42,28.4,10.1,4.55085,1.15,3.731762,3
73,409,26,34,28.4,10.1,4.55085,1.15,3.071008,3
73,551,17,13,28.4,10.1,4.55085,1.15,4.137225,3
73,415,24,42,28.4,10.1,4.55085,1.15,3.116059,3
73,203,18,42,28.4,10.1,4.55085,1.15,0,3
73,264,28,22,28.4,10.1,4.55085,1.15,0,3
74,653,22,43,25.7,9.9,4.37076,1.15,5.026374,3
74,652,20,34,25.7,9.9,4.37076,1.15,5.026374,3
74,465,22,22,25.7,9.9,4.37076,1.15,3.579271,3
74,564,24,25,25.7,9.9,4.37076,1.15,4.341309,3
74,387,25,12,25.7,9.9,4.37076,1.15,2.978877,3
74,510,21,24,25.7,9.9,4.37076,1.15,3.925652,3
74,552,16,25,25.7,9.9,4.37076,1.15,4.248941,3
74,598,27,26,25.7,9.9,4.37076,1.15,4.603019,3
74,188,25,29,25.7,9.9,4.37076,1.15,0,3
74,280,26,26,25.7,9.9,4.37076,1.15,0,3
75,698,16,19,28,9.8,4.50738,1.15,5.183487,3
75,602,17,31,28,9.8,4.50738,1.15,5.183487,3
75,597,25,33,28,9.8,4.50738,1.15,4.433441,3
75,413,17,28,28,9.8,4.50738,1.15,3.06702,3
75,427,22,24,28,9.8,4.50738,1.15,3.170987,3
75,476,24,43,28,9.8,4.50738,1.15,3.534871,3
75,378,22,41,28,9.8,4.50738,1.15,2.807103,3
75,493,23,18,28,9.8,4.50738,1.15,3.661116,3
75,268,26,30,28,9.8,4.50738,1.15,0,3
75,136,24,12,28,9.8,4.50738,1.15,0,3
76,661,25,17,28.2,10,4.53222,1.15,5.212053,3
76,645,23,26,28.2,10,4.53222,1.15,5.212053,3
76,464,20,12,28.2,10,4.53222,1.15,3.658688,3
76,384,28,25,28.2,10,4.53222,1.15,3.02788,3
76,445,22,39,28.2,10,4.53222,1.15,3.508871,3
76,520,21,25,28.2,10,4.53222,1.15,4.100253,3
76,475,28,16,28.2,10,4.53222,1.15,3.745424,3
76,421,20,41,28.2,10,4.53222,1.15,3.319628,3
76,261,18,44,28.2,10,4.53222,1.15,0,3
76,163,27,40,28.2,10,4.53222,1.15,0,3
77,718,18,37,28.7,9.9,4.55706,1.15,5.240619,3
77,709,21,28,28.7,9.9,4.55706,1.15,5.240619,3
77,429,28,14,28.7,9.9,4.55706,1.15,3.131233,3
77,526,22,38,28.7,9.9,4.55706,1.15,3.839228,3
77,554,19,15,28.7,9.9,4.55706,1.15,4.043597,3
77,468,26,22,28.7,9.9,4.55706,1.15,3.415891,3
77,408,17,34,28.7,9.9,4.55706,1.15,2.977956,3
77,596,20,43,28.7,9.9,4.55706,1.15,4.350152,3
77,127,28,25,28.7,9.9,4.55706,1.15,0,3
77,175,21,23,28.7,9.9,4.55706,1.15,0,3
78,655,17,41,28,9.8,4.50738,1.15,5.183487,3
78,613,21,37,28,9.8,4.50738,1.15,5.183487,3
78,408,27,42,28,9.8,4.50738,1.15,3.228798,3
78,482,27,34,28,9.8,4.50738,1.15,3.814413,3
78,575,18,29,28,9.8,4.50738,1.15,4.550389,3
78,533,18,39,28,9.8,4.50738,1.15,4.218013,3
78,378,23,26,28,9.8,4.50738,1.15,2.991386,3
78,597,20,44,28,9.8,4.50738,1.15,4.724491,3
78,141,27,13,28,9.8,4.50738,1.15,0,3
78,176,18,19,28,9.8,4.50738,1.15,0,3
79,664,28,32,26.3,10.1,4.42044,1.15,5.083506,3
79,636,20,40,26.3,10.1,4.42044,1.15,5.083506,3
79,518,23,43,26.3,10.1,4.42044,1.15,3.965747,3
79,412,15,30,26.3,10.1,4.42044,1.15,3.154224,3
79,403,20,41,26.3,10.1,4.42044,1.15,3.085321,3
79,475,17,29,26.3,10.1,4.42044,1.15,3.636544,3
79,495,17,38,26.3,10.1,4.42044,1.15,3.789662,3
79,521,28,40,26.3,10.1,4.42044,1.15,3.988715,3
79,154,17,24,26.3,10.1,4.42044,1.15,0,3
79,353,22,24,26.3,10.1,4.42044,1.15,0,3
80,666,25,26,27.8,10.2,4.5198,1.15,5.19777,3
80,655,18,43,27.8,10.2,4.5198,1.15,5.19777,3
80,448,28,33,27.8,10.2,4.5198,1.15,3.496398,3
80,380,23,27,27.8,10.2,4.5198,1.15,2.965695,3
80,421,21,29,27.8,10.2,4.5198,1.15,0,3
80,509,27,44,27.8,10.2,4.5198,1.15,3.97247,3
80,503,20,27,27.8,10.2,4.5198,1.15,3.925643,3
80,548,21,44,27.8,10.2,4.5198,1.15,4.276844,3
80,175,24,36,27.8,10.2,4.5198,1.15,0,3
80,174,24,21,27.8,10.2,4.5198,1.15,0,3
81,687,18,23,26.1,10.3,4.42044,1.15,5.083506,3
81,613,17,20,26.1,10.3,4.42044,1.15,5.083506,3
81,407,24,42,26.1,10.3,4.42044,1.15,3.011626,3
81,513,20,36,26.1,10.3,4.42044,1.15,3.79598,3
81,591,24,43,26.1,10.3,4.42044,1.15,4.373147,3
81,452,17,35,26.1,10.3,4.42044,1.15,3.344607,3
81,421,27,38,26.1,10.3,4.42044,1.15,3.11522,3
81,482,26,23,26.1,10.3,4.42044,1.15,3.566594,3
81,216,16,18,26.1,10.3,4.42044,1.15,0,3
81,184,26,24,26.1,10.3,4.42044,1.15,0,3
82,688,18,32,28,9.9,4.51359,1.15,5.1906285,3
82,614,22,38,28,9.9,4.51359,1.15,5.1906285,3
82,566,22,15,28,9.9,4.51359,1.15,4.270197,3
82,418,21,14,28,9.9,4.51359,1.15,3.153609,3
82,511,28,44,28,9.9,4.51359,1.15,3.855249,3
82,509,20,38,28,9.9,4.51359,1.15,3.84016,3
82,444,25,14,28,9.9,4.51359,1.15,3.349766,3
82,403,27,36,28,9.9,4.51359,1.15,3.040441,3
82,140,19,16,28,9.9,4.51359,1.15,0,3
82,139,20,29,28,9.9,4.51359,1.15,0,3
83,708,21,17,30.2,10.4,4.68126,1.15,5.383449,3
83,693,25,32,30.2,10.4,4.68126,1.15,5.383449,3
83,440,24,34,30.2,10.4,4.68126,1.15,3.345646,3
83,399,18,23,30.2,10.4,4.68126,1.15,3.033893,3
83,495,15,41,30.2,10.4,4.68126,1.15,3.763852,3
83,439,22,23,30.2,10.4,4.68126,1.15,3.338043,3
83,557,17,34,30.2,10.4,4.68126,1.15,4.235284,3
83,397,28,21,30.2,10.4,4.68126,1.15,3.018685,3
83,126,16,13,30.2,10.4,4.68126,1.15,0,3
83,178,24,27,30.2,10.4,4.68126,1.15,0,3
84,702,18,27,28.7,9.8,4.55085,1.15,5.2334775,3
84,600,17,39,28.7,9.8,4.55085,1.15,5.2334775,3
84,423,24,28,28.7,9.8,4.55085,1.15,3.153506,3
84,544,21,33,28.7,9.8,4.55085,1.15,4.055572,3
84,474,19,36,28.7,9.8,4.55085,1.15,3.533716,3
84,416,17,42,28.7,9.8,4.55085,1.15,3.10132,3
84,392,19,16,28.7,9.8,4.55085,1.15,2.922398,3
84,437,23,35,28.7,9.8,4.55085,1.15,3.257877,3
84,106,15,34,28.7,9.8,4.55085,1.15,0,3
84,226,28,43,28.7,9.8,4.55085,1.15,0,3
85,688,15,20,30.1,10.5,4.68126,1.15,5.383449,3
85,607,15,18,30.1,10.5,4.68126,1.15,5.383449,3
85,436,21,17,30.1,10.5,4.68126,1.15,3.411604,3
85,586,20,13,30.1,10.5,4.68126,1.15,4.585321,3
85,445,21,24,30.1,10.5,4.68126,1.15,3.482027,3
85,382,19,24,30.1,10.5,4.68126,1.15,2.989066,3
85,373,17,29,30.1,10.5,4.68126,1.15,2.918643,3
85,535,18,35,30.1,10.5,4.68126,1.15,4.186258,3
85,291,23,24,30.1,10.5,4.68126,1.15,0,3
85,266,28,19,30.1,10.5,4.68126,1.15,0,3
86,672,28,16,28.7,10.4,4.58811,1.15,5.2763265,3
86,649,16,31,28.7,10.4,4.58811,1.15,5.2763265,3
86,553,26,32,28.7,10.4,4.58811,1.15,4.341977,3
86,487,19,23,28.7,10.4,4.58811,1.15,3.823766,3
86,479,27,25,28.7,10.4,4.58811,1.15,3.760953,3
86,544,19,29,28.7,10.4,4.58811,1.15,4.271312,3
86,466,19,37,28.7,10.4,4.58811,1.15,3.658881,3
86,568,26,23,28.7,10.4,4.58811,1.15,4.459752,3
86,358,16,29,28.7,10.4,4.58811,1.15,0,3
86,314,15,24,28.7,10.4,4.58811,1.15,0,3
87,679,22,12,28.4,10.6,4.5819,1.15,5.269185,3
87,657,28,26,28.4,10.6,4.5819,1.15,5.269185,3
87,411,27,38,28.4,10.6,4.5819,1.15,3.189448,3
87,424,27,32,28.4,10.6,4.5819,1.15,3.290331,3
87,411,17,31,28.4,10.6,4.5819,1.15,3.189448,3
87,566,16,20,28.4,10.6,4.5819,1.15,4.392281,3
87,589,20,24,28.4,10.6,4.5819,1.15,4.570766,3
87,456,25,38,28.4,10.6,4.5819,1.15,3.538657,3
87,358,25,14,28.4,10.6,4.5819,1.15,0,3
87,338,23,32,28.4,10.6,4.5819,1.15,0,3
88,658,24,33,26.4,10.9,4.47633,1.15,5.1477795,3
88,637,24,34,26.4,10.9,4.47633,1.15,5.1477795,3
88,479,15,25,26.4,10.9,4.47633,1.15,3.747396,3
88,587,19,40,26.4,10.9,4.47633,1.15,0,3
88,577,23,13,26.4,10.9,4.47633,1.15,4.514086,3
88,402,21,30,26.4,10.9,4.47633,1.15,3.144996,3
88,506,26,12,26.4,10.9,4.47633,1.15,3.958627,3
88,572,25,17,26.4,10.9,4.47633,1.15,4.474969,3
88,277,23,12,26.4,10.9,4.47633,1.15,0,3
88,173,20,12,26.4,10.9,4.47633,1.15,0,3
89,709,20,34,28,9.9,4.51359,1.15,5.1906285,3
89,654,27,37,28,9.9,4.51359,1.15,5.1906285,3
89,468,20,36,28,9.9,4.51359,1.15,3.426254,3
89,554,15,40,28,9.9,4.51359,1.15,4.055865,3
89,486,20,39,28,9.9,4.51359,1.15,3.558033,3
89,516,24,17,28,9.9,4.51359,1.15,3.777665,3
89,573,21,26,28,9.9,4.51359,1.15,4.194965,3
89,505,27,34,28,9.9,4.51359,1.15,3.697133,3
89,171,16,26,28,9.9,4.51359,1.15,0,3
89,259,24,27,28,9.9,4.51359,1.15,0,3
90,720,25,30,31.5,10.8,4.78683,1.15,5.5048545,3
90,652,15,37,31.5,10.8,4.78683,1.15,5.5048545,3
90,580,17,41,31.5,10.8,4.78683,1.15,4.434466,3
90,587,24,26,31.5,10.8,4.78683,1.15,4.487986,3
90,426,23,43,31.5,10.8,4.78683,1.15,0,3
90,467,23,36,31.5,10.8,4.78683,1.15,3.57051,3
90,434,23,25,31.5,10.8,4.78683,1.15,3.318204,3
90,497,25,38,31.5,10.8,4.78683,1.15,3.799879,3
90,281,22,30,31.5,10.8,4.78683,1.15,0,3
90,207,17,37,31.5,10.8,4.78683,1.15,0,3
91,674,15,15,27.9,9.1,4.4577,1.15,5.126355,3
91,664,23,41,27.9,9.1,4.4577,1.15,5.126355,3
91,482,25,34,27.9,9.1,4.4577,1.15,3.666028,3
91,404,28,30,27.9,9.1,4.4577,1.15,3.072771,3
91,525,19,26,27.9,9.1,4.4577,1.15,3.993081,3
91,558,24,18,27.9,9.1,4.4577,1.15,4.244074,3
91,563,22,19,27.9,9.1,4.4577,1.15,4.282104,3
91,565,23,44,27.9,9.1,4.4577,1.15,4.297315,3
91,153,25,31,27.9,9.1,4.4577,1.15,0,3
91,171,16,21,27.9,9.1,4.4577,1.15,0,3
92,671,26,40,30.1,9,4.58811,1.15,5.2763265,3
92,632,22,23,30.1,9,4.58811,1.15,5.2763265,3
92,570,21,44,30.1,9,4.58811,1.15,4.482125,3
92,592,20,34,30.1,9,4.58811,1.15,4.65512,3
92,572,15,40,30.1,9,4.58811,1.15,4.497852,3
92,532,17,13,30.1,9,4.58811,1.15,4.183317,3
92,589,28,22,30.1,9,4.58811,1.15,4.63153,3
92,491,20,14,30.1,9,4.58811,1.15,3.860918,3
92,276,28,41,30.1,9,4.58811,1.15,0,3
92,356,28,23,30.1,9,4.58811,1.15,0,3
93,665,26,40,28.4,8.9,4.47633,1.15,5.1477795,3
93,643,16,37,28.4,8.9,4.47633,1.15,5.1477795,3
93,583,25,26,28.4,8.9,4.47633,1.15,4.513016,3
93,473,21,13,28.4,8.9,4.47633,1.15,3.661503,3
93,384,16,14,28.4,8.9,4.47633,1.15,2.972552,3
93,527,23,27,28.4,8.9,4.47633,1.15,4.079518,3
93,583,15,44,28.4,8.9,4.47633,1.15,4.513016,3
93,416,26,21,28.4,8.9,4.47633,1.15,3.220265,3
93,125,15,35,28.4,8.9,4.47633,1.15,0,3
93,164,20,41,28.4,8.9,4.47633,1.15,0,3
94,680,19,34,35,8.9,4.88619,1.15,5.6191185,3
94,647,16,21,35,8.9,4.88619,1.15,5.6191185,3
94,476,23,15,35,8.9,4.88619,1.15,3.933383,3
94,507,15,23,35,8.9,4.88619,1.15,4.189549,3
94,376,15,33,35,8.9,4.88619,1.15,3.107042,3
94,495,17,41,35,8.9,4.88619,1.15,4.090388,3
94,429,22,36,35,8.9,4.88619,1.15,3.545003,3
94,434,19,25,35,8.9,4.88619,1.15,3.58632,3
94,268,28,22,35,8.9,4.88619,1.15,0,3
94,194,25,19,35,8.9,4.88619,1.15,0,3
95,713,28,42,28.1,9.1,4.47012,1.15,5.140638,3
95,706,17,37,28.1,9.1,4.47012,1.15,5.140638,3
95,550,24,17,28.1,9.1,4.47012,1.15,3.965429,3
95,484,20,36,28.1,9.1,4.47012,1.15,3.489578,3
95,550,16,23,28.1,9.1,4.47012,1.15,3.965429,3
95,394,20,15,28.1,9.1,4.47012,1.15,2.840689,3
95,382,23,31,28.1,9.1,4.47012,1.15,2.754171,3
95,504,24,31,28.1,9.1,4.47012,1.15,3.633775,3
95,138,19,27,28.1,9.1,4.47012,1.15,0,3
95,132,21,44,28.1,9.1,4.47012,1.15,0,3
96,709,18,27,25.6,9,4.30866,1.15,4.954959,3
96,675,23,15,25.6,9,4.30866,1.15,4.954959,3
96,516,19,12,25.6,9,4.30866,1.15,3.606148,3
96,528,19,42,25.6,9,4.30866,1.15,3.690012,3
96,512,25,17,25.6,9,4.30866,1.15,3.578193,3
96,473,19,23,25.6,9,4.30866,1.15,3.305636,3
96,370,16,40,25.6,9,4.30866,1.15,2.585804,3
96,427,15,25,25.6,9,4.30866,1.15,2.984157,3
96,194,22,20,25.6,9,4.30866,1.15,0,3
96,296,23,33,25.6,9,4.30866,1.15,0,3
97,705,27,26,25.9,9.2,4.33971,1.15,4.9906665,3
97,638,20,38,25.9,9.2,4.33971,1.15,4.9906665,3
97,409,25,15,25.9,9.2,4.33971,1.15,2.895294,3
97,561,24,18,25.9,9.2,4.33971,1.15,3.971296,3
97,377,25,20,25.9,9.2,4.33971,1.15,2.668768,3
97,575,25,26,25.9,9.2,4.33971,1.15,4.070402,3
97,545,18,39,25.9,9.2,4.33971,1.15,3.858033,3
97,375,24,43,25.9,9.2,4.33971,1.15,2.65461,3
97,317,23,24,25.9,9.2,4.33971,1.15,0,3
97,348,20,16,25.9,9.2,4.33971,1.15,0,3
98,686,17,32,25.4,9.1,4.30245,1.15,4.9478175,3
98,676,27,14,25.4,9.1,4.30245,1.15,4.9478175,3
98,433,26,35,25.4,9.1,4.30245,1.15,3.123039,3
98,399,21,41,25.4,9.1,4.30245,1.15,2.877812,3
98,430,15,38,25.4,9.1,4.30245,1.15,3.101402,3
98,562,23,31,25.4,9.1,4.30245,1.15,4.05346,3
98,586,25,13,25.4,9.1,4.30245,1.15,4.226561,3
98,478,16,41,25.4,9.1,4.30245,1.15,3.447605,3
98,162,22,23,25.4,9.1,4.30245,1.15,0,3
98,140,24,42,25.4,9.1,4.30245,1.15,0,3
99,654,28,21,25,9.4,4.29624,1.15,4.940676,3
99,625,24,18,25,9.4,4.29624,1.15,4.940676,3
99,508,17,29,25,9.4,4.29624,1.15,3.837712,3
99,559,20,42,25,9.4,4.29624,1.15,4.222994,3
99,388,27,21,25,9.4,4.29624,1.15,2.931166,3
99,443,27,40,25,9.4,4.29624,1.15,3.346666,3
99,555,17,33,25,9.4,4.29624,1.15,4.192776,3
99,557,27,38,25,9.4,4.29624,1.15,4.207885,3
99,167,18,41,25,9.4,4.29624,1.15,0,3
99,199,24,21,25,9.4,4.29624,1.15,0,3
100,706,26,36,24.9,9.5,4.29624,1.15,4.940676,3
100,696,27,34,24.9,9.5,4.29624,1.15,4.940676,3
100,440,20,24,24.9,9.5,4.29624,1.15,3.079175,3
100,528,24,32,24.9,9.5,4.29624,1.15,3.69501,3
100,432,28,22,24.9,9.5,4.29624,1.15,0,3
100,520,28,16,24.9,9.5,4.29624,1.15,3.639025,3
100,512,22,14,24.9,9.5,4.29624,1.15,3.58304,3
100,523,18,29,24.9,9.5,4.29624,1.15,3.660019,3
100,111,24,30,24.9,9.5,4.29624,1.15,0,3
100,146,25,26,24.9,9.5,4.29624,1.15,0,3
